Semaine (YYYY-WW),URL,Impressions (GSC),Clics (GSC),CTR %,Position moyenne (GSC),Conversions formulaire contact (GA4),Taux conv/clic %,Actions SEO de la semaine
2026-10,/amoa-si,0,0,,0,0,,
2026-10,/rgpd,0,0,,0,0,,
2026-10,/cyber-securite,0,0,,0,0,,
2026-10,/conseil-qualite,0,0,,0,0,,
2026-10,/public-pme-eti,0,0,,0,0,,
2026-10,/ressources,0,0,,0,0,,
2026-10,/ressources/registre-traitements-rgpd,0,0,,0,0,,
2026-10,/ressources/aipd-rgpd-methode,0,0,,0,0,,
2026-10,/ressources/feuille-route-cyber-pme-eti,0,0,,0,0,,
2026-10,/ressources/nis2-dora-par-ou-commencer,0,0,,0,0,,
2026-10,/ressources/indicateurs-qualite-si,0,0,,0,0,,
2026-10,/ressources/cadrage-projet-amoa-si,0,0,,0,0,,
2026-10,/ressources/transformation-si-secteur-public,0,0,,0,0,,
2026-10,/ressources/choisir-cabinet-conseil-amoa-pme-eti,0,0,,0,0,,
